id,nameFirst,nameLast,playerID,last_seen_year,return_year,gap_years,gap_years_range,gap_details
1,John,Bale,balejo01,2003,2007,3,2004 - 2006,"2004 - NPB, Hiroshima Toyo Carp; 2005 - NPB, Hiroshima Toyo Carp; 2006 - NPB, Hiroshima Toyo Carp"
2,Paul,Shuey,shueypa01,2003,2007,3,2004 - 2006,
3,Dan,Serafini,serafda01,2003,2007,3,2004 - 2006,
4,Enrique,Cruz,cruzen01,2003,2007,3,2004 - 2006,
5,Jorge,Velandia,velanjo01,2003,2007,3,2004 - 2006,
6,Craig,Brazell,brazecr01,2004,2007,2,2005 - 2006,
7,Rick,Ankiel,ankieri01,2004,2007,2,2005 - 2006,
8,John,Van Benschoten,vanbejo01,2004,2007,2,2005 - 2006,
9,Arnie,Munoz,munozar01,2004,2007,2,2005 - 2006,
10,Mike,Bacsik,bacsimi02,2004,2007,2,2005 - 2006,
11,Grant,Balfour,balfogr01,2004,2007,2,2005 - 2006,
12,J. D.,Durbin,durbijd01,2004,2007,2,2005 - 2006,
13,Darnell,McDonald,mcdonda02,2004,2007,2,2005 - 2006,
14,Jeff,Bennett,benneje01,2004,2007,2,2005 - 2006,
15,Travis,Blackley,blacktr01,2004,2007,2,2005 - 2006,
16,Steve,Colyer,colyest01,2004,2007,2,2005 - 2006,
17,Dee,Brown,brownde02,2004,2007,2,2005 - 2006,
18,John,Ennis,ennisjo01,2004,2007,2,2005 - 2006,
19,Dan,Meyer,meyerda02,2004,2007,2,2005 - 2006,
20,Augie,Ojeda,ojedaau01,2004,2007,2,2005 - 2006,
21,Ryan,Raburn,raburry01,2004,2007,2,2005 - 2006,
22,Jason,Simontacchi,simonja01,2004,2007,2,2005 - 2006,
23,Jerry,Gil,gilje01,2004,2007,2,2005 - 2006,
24,Steve,Randolph,randost01,2004,2007,2,2005 - 2006,
25,Cody,Ransom,ransoco01,2004,2007,2,2005 - 2006,
26,Donnie,Sadler,sadledo01,2004,2007,2,2005 - 2006,
27,Jason,Stanford,stanfja01,2004,2007,2,2005 - 2006,
28,Lino,Urdaneta,urdanli01,2004,2007,2,2005 - 2006,
29,Mike,Hessman,hessmmi01,2004,2007,2,2005 - 2006,
30,Scott,Atchison,atchisc01,2005,2007,1,2006 - 2006,
31,Luis,Ayala,ayalalu01,2005,2007,1,2006 - 2006,
32,Yorman,Bazardo,bazaryo01,2005,2007,1,2006 - 2006,
33,Rob,Bell,bellro01,2005,2007,1,2006 - 2006,
34,Ryan,Bukvich,bukviry01,2005,2007,1,2006 - 2006,
35,Bryan,Bullington,bullibr01,2005,2007,1,2006 - 2006,
36,Jamie,Burke,burkeja02,2005,2007,1,2006 - 2006,
37,Carmen,Cali,calica01,2005,2007,1,2006 - 2006,
38,Buddy,Carlyle,carlybu01,2005,2007,1,2006 - 2006,
39,Marcos,Carvajal,carvama01,2005,2007,1,2006 - 2006,
40,Raul,Casanova,casanra01,2005,2007,1,2006 - 2006,
41,Kevin,Cash,cashke01,2005,2007,1,2006 - 2006,
42,Alberto,Castillo,castial01,2005,2007,1,2006 - 2006,
43,Chip,Ambres,ambrech01,2005,2007,1,2006 - 2006,
44,Fernando,Cortez,cortefe01,2005,2007,1,2006 - 2006,
45,Kane,Davis,daviska01,2005,2007,1,2006 - 2006,
46,Joe,Dillon,dillojo02,2005,2007,1,2006 - 2006,"2006 - NPB, Yomiuri Giants"
47,Travis,Driskill,drisktr01,2005,2007,1,2006 - 2006,
48,Brad,Eldred,eldrebr01,2005,2007,1,2006 - 2006,
49,Mike,Fontenot,fontemi01,2005,2007,1,2006 - 2006,
50,J. J.,Furmaniak,furmajj01,2005,2007,1,2006 - 2006,
51,Lee,Gardner,gardnle01,2005,2007,1,2006 - 2006,
52,Geronimo,Gil,gilge01,2005,2007,1,2006 - 2006,
53,Gary,Glover,glovega01,2005,2007,1,2006 - 2006,"2006 - NPB, Yomiuri Giants"
54,Ruben,Gotay,gotayru01,2005,2007,1,2006 - 2006,
55,John-Ford,Griffin,griffjo01,2005,2007,1,2006 - 2006,
56,Cristian,Guzman,guzmacr01,2005,2007,1,2006 - 2006,
57,Tim,Harikkala,harikti01,2005,2007,1,2006 - 2006,
58,Koyie,Hill,hillko01,2005,2007,1,2006 - 2006,
59,Donnie,Murphy,murphdo01,2005,2007,1,2006 - 2006,
60,Brian,Myrow,myrowbr01,2005,2007,1,2006 - 2006,
61,Wes,Obermueller,obermwe01,2005,2007,1,2006 - 2006,"2006 - NPB, Orix Buffaloes"
62,Jon,Leicester,leicejo01,2005,2007,1,2006 - 2006,
63,John,Parrish,parrijo01,2005,2007,1,2006 - 2006,
64,Carl,Pavano,pavanca01,2005,2007,1,2006 - 2006,
65,Troy,Percival,percitr01,2005,2007,1,2006 - 2006,
66,Josh,Phelps,phelpjo01,2005,2007,1,2006 - 2006,
67,Bret,Prinz,prinzbr01,2005,2007,1,2006 - 2006,
68,Aquilino,Lopez,lopezaq01,2005,2007,1,2006 - 2006,
69,Aaron,Rakers,rakeraa01,2005,2007,1,2006 - 2006,
70,Pedro,Lopez,lopezpe01,2005,2007,1,2006 - 2006,
71,Ryan,Ludwick,ludwiry01,2005,2007,1,2006 - 2006,
72,Scott,McClain,mcclasc01,2005,2007,1,2006 - 2006,
73,Tim,Redding,redditi01,2005,2007,1,2006 - 2006,
74,Tike,Redman,redmati01,2005,2007,1,2006 - 2006,
75,Desi,Relaford,relafde01,2005,2007,1,2006 - 2006,
76,Alberto,Reyes,reyesal01,2005,2007,1,2006 - 2006,
77,Luis,Rivas,rivaslu01,2005,2007,1,2006 - 2006,
78,Pete,LaForest,laforpe01,2005,2007,1,2006 - 2006,
79,Ryan,Jorgensen,jorgery01,2005,2007,1,2006 - 2006,
80,Kelly,Johnson,johnske05,2005,2007,1,2006 - 2006,
81,Erasmo,Ramirez,ramirer01,2005,2007,1,2006 - 2006,
82,Sammy,Sosa,sosasa01,2005,2007,1,2006 - 2006,
83,Ryan,Speier,speiery01,2005,2007,1,2006 - 2006,
84,Brian,Lawrence,lawrebr02,2005,2007,1,2006 - 2006,
85,Ricky,Stone,stoneri01,2005,2007,1,2006 - 2006,
86,Chin-hui,Tsao,tsaoch01,2005,2007,1,2006 - 2006,
87,Justin,Miller,milleju01,2005,2007,1,2006 - 2006,"2006 - NPB, Chiba Lotte Marines"
88,Wilson,Valdez,valdewi01,2005,2007,1,2006 - 2006,
89,Matt,Kata,katama01,2005,2007,1,2006 - 2006,
90,D. J.,Houlton,houltdj01,2005,2007,1,2006 - 2006,
91,Jayson,Werth,werthja01,2005,2007,1,2006 - 2006,
92,Josh,Wilson,wilsojo03,2005,2007,1,2006 - 2006,
